title,year,genre,poster_link,summary,imdb_rating,letterboxd_rating,my_rating,language,streaming_source,my_tag
8 Mile,2002,Drama/Music,https://www.themoviedb.org/search?query=8+Mile,A young rapper in Detroit struggles to establish himself in the hip-hop scene while dealing with a troubled home life and a climactic rap battle.,7.1,3.5,4.0,English,Netflix,"you are in for a crying session, happy cinema"
The Dictator,2012,Comedy,https://www.themoviedb.org/search?query=The+Dictator,The oppressive dictator of a fictional North African country risks his life to ensure that democracy will never come to his country.,6.4,2.8,3.8,English,Prime Video,happy cinema
The Call,2013,Thriller,https://www.themoviedb.org/search?query=The+Call,A veteran 911 operator must confront a killer when she answers a call from a girl who has just been abducted.,6.8,3.1,4.0,English,Netflix,weird watch
Pink Floyd: The Wall,1982,Drama/Music,https://www.themoviedb.org/search?query=Pink+Floyd:+The+Wall,"A troubled rock star descends into madness, building a metaphorical wall between himself and the world, exploring isolation, trauma, and fascism.",8.0,3.8,4.0,English,Need to download and watch,you are in for a crying session
Eternal Sunshine of the Spotless Mind,2004,Drama/Sci-Fi,https://www.themoviedb.org/search?query=Eternal+Sunshine+of+the+Spotless+Mind,"A couple undergoes a procedure to erase each other from their memories after a painful breakup, only to rediscover the value of their love as it dissolves.",8.3,4.2,4.0,English,Prime Video,you are in for a crying session
Titanic,1997,Drama/Romance,https://www.themoviedb.org/search?query=Titanic,A young aristocrat falls in love with a kind but poor artist aboard the ill-fated RMS Titanic.,7.9,3.5,3.5,English,Disney+,"you are in for a crying session, family watch for sure"
Sinister,2012,Horror/Thriller,https://www.themoviedb.org/search?query=Sinister,A true-crime writer discovers home movies that put his family in danger when the footage links to a decades-active serial killer.,6.8,3.1,3.0,English,Prime Video,weird watch
The Boy,2016,Horror/Thriller,https://www.themoviedb.org/search?query=The+Boy,An American nanny takes a job caring for an elderly British couple's son — a lifesize porcelain doll they treat as a real child.,6.1,2.6,2.5,English,Need to download and watch,weird watch
Lights Out,2016,Horror,https://www.themoviedb.org/search?query=Lights+Out,A woman must confront a malevolent supernatural presence linked to her mother that can only exist in darkness.,6.3,2.9,3.6,English,Need to download and watch,weird watch
The Imitation Game,2014,Drama/History,https://www.themoviedb.org/search?query=The+Imitation+Game,Mathematician Alan Turing leads a team to crack Nazi Germany's Enigma code during WWII while hiding his sexuality in a homophobic society.,8.0,3.8,3.7,English,Netflix,family watch for sure
The Shining,1980,Horror,https://www.themoviedb.org/search?query=The+Shining,"A family heads to an isolated hotel for winter where a sinister presence drives the father into violence, while his psychic son sees terrifying visions.",8.4,4.1,5.0,English,Prime Video,"masterpiece, weird watch"
Burning,2018,Drama/Mystery,https://www.themoviedb.org/search?query=Burning,A young Korean man becomes obsessed with a mysterious woman and her wealthy new friend who confesses to burning abandoned greenhouses.,7.5,3.9,4.5,Korean,Mubi,"mind bending shit, you are in for a crying session"
Dune: Part One,2021,Sci-Fi/Adventure,https://www.themoviedb.org/search?query=Dune:+Part+One,"Paul Atreides journeys to the universe's most dangerous planet to secure his family's future, setting off an epic interstellar adventure.",8.0,3.9,4.5,English,JioCinema,mind bending shit
Chennai Express,2013,Comedy/Romance,https://www.themoviedb.org/search?query=Chennai+Express,A man boards a train to fulfil his grandfather's last wish and falls for the daughter of a powerful South Indian crime boss.,5.9,2.2,3.0,Hindi,Prime Video,happy cinema
Inception,2010,Sci-Fi/Thriller,https://www.themoviedb.org/search?query=Inception,A skilled thief who steals secrets from people's dreams is tasked with the reverse — planting an idea into a target's subconscious.,8.8,4.2,3.0,English,JioCinema,mind bending shit
The Conjuring,2013,Horror,https://www.themoviedb.org/search?query=The+Conjuring,Paranormal investigators Ed and Lorraine Warren help a family terrorized by a dark presence in their farmhouse. (First of the series),7.5,3.7,3.0,English,JioCinema,weird watch
Insidious,2010,Horror,https://www.themoviedb.org/search?query=Insidious,A family looks to prevent evil spirits from trapping their comatose child in a realm called The Further. (First of the series),6.8,3.1,3.7,English,Netflix,weird watch
The Curse of La Llorona,2019,Horror,https://www.themoviedb.org/search?query=The+Curse+of+La+Llorona,"A social worker and her children are targeted by La Llorona, a legendary weeping woman from Mexican folklore who drowns children.",5.3,2.2,3.0,English,JioCinema,weird watch
Ouija: Origin of Evil,2016,Horror,https://www.themoviedb.org/search?query=Ouija:+Origin+of+Evil,"A widowed mother adds a ouija board to her séance act, unleashing a malevolent entity that possesses her youngest child. (Best of the Ouija series)",6.1,3.0,3.5,English,Prime Video,weird watch
Bohemian Rhapsody,2018,Drama/Music,https://www.themoviedb.org/search?query=Bohemian+Rhapsody,"A chronicle of rock band Queen and lead singer Freddie Mercury, leading to their legendary Live Aid performance in 1985.",7.9,3.4,4.0,English,Disney+,"you are in for a crying session, happy cinema"
500 Days of Summer,2009,Drama/Romance,https://www.themoviedb.org/search?query=500+Days+of+Summer,"After being dumped, a greeting-card writer reflects on his 500 days with his girlfriend to figure out where things went wrong.",7.7,3.8,4.0,English,Disney+,you are in for a crying session
Oldboy,2003,Action/Thriller,https://www.themoviedb.org/search?query=Oldboy,"After being imprisoned for 15 years without explanation, a man is released and given five days to find his captor, with a shocking truth awaiting.",8.1,4.1,5.0,Korean,Mubi,"masterpiece, mind bending shit"
I Want to Eat Your Pancreas,2018,Drama/Anime,https://www.themoviedb.org/search?query=I+Want+to+Eat+Your+Pancreas,"A high school student discovers his classmate's diary revealing she has a terminal illness, sparking an unlikely and profound friendship.",7.7,3.9,4.5,Japanese,Netflix,you are in for a crying session
2001: A Space Odyssey,1968,Sci-Fi/Drama,https://www.themoviedb.org/search?query=2001:+A+Space+Odyssey,Humanity's first contact with a mysterious alien monolith sets off an evolutionary odyssey from prehistory to a space mission where the AI HAL 9000 becomes dangerous.,8.3,4.1,5.0,English,Mubi,"masterpiece, mind bending shit"
Parasite,2019,Drama/Thriller,https://www.themoviedb.org/search?query=Parasite,"The Kim family ingeniously infiltrates the wealthy Park household, leading to a chain of events with dire consequences in this Oscar-winning class satire.",8.5,4.3,4.5,Korean,Prime Video,"masterpiece, mind bending shit, you are in for a crying session"
Inglourious Basterds,2009,Drama/War,https://www.themoviedb.org/search?query=Inglourious+Basterds,A group of Jewish soldiers' plan to assassinate Nazi leadership converges with a young refugee's own plan for revenge in occupied France.,8.3,4.2,5.0,English/French/German,Netflix,"masterpiece, you are in for a crying session"
Memento,2000,Mystery/Thriller,https://www.themoviedb.org/search?query=Memento,"A man with short-term memory loss uses notes and tattoos to hunt for his wife's killer, told in reverse chronological order.",8.4,4.2,2.9,English,JioCinema,mind bending shit
Joker,2019,Drama/Thriller,https://www.themoviedb.org/search?query=Joker,"In Gotham City, mentally troubled comedian Arthur Fleck is disregarded by society, descending into madness and becoming the iconic villain.",8.4,3.9,4.5,English,JioCinema,"mind bending shit, you are in for a crying session"
Yesterday,2019,Comedy/Fantasy,https://www.themoviedb.org/search?query=Yesterday,A struggling musician wakes in an alternate reality where The Beatles never existed and uses their songs to become famous.,6.8,3.0,3.6,English,Prime Video,"mind bending shit, happy cinema"
Tik Tik Boom,2022,Thriller,https://www.themoviedb.org/search?query=Tik+Tik+Boom,A bomb disposal expert races against time to defuse a bomb planted by terrorists in Mumbai.,5.1,2.0,3.5,Hindi,ZEE5,weird watch
Whiplash,2014,Drama/Music,https://www.themoviedb.org/search?query=Whiplash,A young drummer at a cutthroat conservatory is pushed to extremes by an abusive instructor in his pursuit of greatness.,8.5,4.3,5.0,English,Netflix,"masterpiece, you are in for a crying session"
Mulholland Drive,2001,Mystery/Drama,https://www.themoviedb.org/search?query=Mulholland+Drive,"After a car accident leaves a woman with amnesia, a hopeful actress helps her piece together her identity in sun-drenched, dreamlike Los Angeles.",7.9,4.1,5.0,English,Mubi,"mind bending shit, weird watch"
12 Angry Men,1957,Drama/Crime,https://www.themoviedb.org/search?query=12+Angry+Men,The jury of a murder trial is dominated by one juror who uses logic to sway his eleven colleagues toward acquitting a teenager they believe is guilty.,9.0,4.4,4.0,English,Mubi,"mind bending shit, you are in for a crying session"
Pulp Fiction,1994,Crime/Drama,https://www.themoviedb.org/search?query=Pulp+Fiction,"The lives of two mob hitmen, a boxer, and a gangster intertwine in four tales of violence and redemption in Los Angeles.",8.9,4.4,4.5,English,Netflix,"masterpiece, mind bending shit, you are in for a crying session"
Fight Club,1999,Drama/Thriller,https://www.themoviedb.org/search?query=Fight+Club,An insomniac office worker and a devil-may-care soap maker form an underground fight club that evolves into something far more dangerous.,8.8,4.3,4.5,English,Disney+,"masterpiece, mind bending shit"
Predestination,2014,Sci-Fi/Thriller,https://www.themoviedb.org/search?query=Predestination,"A time-traveling agent is sent on a final mission to apprehend a criminal who has eluded him throughout time, in a paradoxical tale about identity.",7.5,3.8,5.0,English,Need to download and watch,mind bending shit
The Shawshank Redemption,1994,Drama,https://www.themoviedb.org/search?query=The+Shawshank+Redemption,"Two imprisoned men bond over years, finding solace and eventual redemption through acts of common decency in a harsh prison.",9.3,4.5,5.0,English,Netflix,"masterpiece, you are in for a crying session"
Taxi Driver,1976,Drama/Crime,https://www.themoviedb.org/search?query=Taxi+Driver,"A mentally unstable Vietnam vet works as a night-time taxi driver in New York, where urban sleaze aggravates his paranoia until he plans violent catharsis.",8.2,4.2,5.0,English,Mubi,"masterpiece, you are in for a crying session"
The Silence of the Lambs,1991,Crime/Thriller,https://www.themoviedb.org/search?query=The+Silence+of+the+Lambs,A young FBI cadet must confide in the manipulative cannibal Dr. Hannibal Lecter to catch another serial killer who skins his victims.,8.6,4.2,5.0,English,Prime Video,"masterpiece, mind bending shit"
Kill Bill: Vol. 1,2003,Action/Thriller,https://www.themoviedb.org/search?query=Kill+Bill:+Vol.+1,"A former assassin wakes from a coma and seeks revenge on the team who betrayed her, in Tarantino's stylish action epic.",8.1,4.2,4.0,English/Japanese,Prime Video,mind bending shit
Kill Bill: Vol. 2,2004,Action/Thriller,https://www.themoviedb.org/search?query=Kill+Bill:+Vol.+2,"The Bride concludes her revenge quest, confronting her former boss and lover Bill in the final chapter of Tarantino's martial arts saga.",8.0,4.0,3.7,English,Prime Video,mind bending shit
Shutter Island,2010,Mystery/Thriller,https://www.themoviedb.org/search?query=Shutter+Island,"In 1954, a US Marshal investigates the disappearance of a murderer who escaped from a hospital for the criminally insane on a remote island.",8.1,4.0,4.0,English,JioCinema,mind bending shit
There Will Be Blood,2007,Drama,https://www.themoviedb.org/search?query=There+Will+Be+Blood,"The ruthless rise of oil prospector Daniel Plainview in early 20th-century California, exploring greed, religion, and the American dream.",8.2,4.3,4.5,English,Mubi,you are in for a crying session
Psycho,1960,Horror/Thriller,https://www.themoviedb.org/search?query=Psycho,"A Phoenix secretary checks into a remote motel run by a disturbed young man dominated by his mother, in Hitchcock's landmark horror film.",8.5,4.2,5.0,English,Need to download and watch,"masterpiece, mind bending shit"
Rear Window,1954,Mystery/Thriller,https://www.themoviedb.org/search?query=Rear+Window,A photographer with a broken leg spies on his neighbors from his window and becomes convinced one of them has committed murder.,8.5,4.3,4.5,English,Need to download and watch,"masterpiece, mind bending shit"
The Sixth Sense,1999,Drama/Horror,https://www.themoviedb.org/search?query=The+Sixth+Sense,A boy who communicates with spirits seeks the help of a disheartened child psychologist in M. Night Shyamalan's iconic supernatural twist thriller.,8.1,3.9,3.9,English,Disney+,"mind bending shit, weird watch"
Unbreakable,2000,Drama/Thriller,https://www.themoviedb.org/search?query=Unbreakable,"The sole survivor of a devastating train crash slowly discovers he has superhuman abilities, guided by a mysterious figure who anticipated his gifts.",7.3,3.6,3.5,English,Disney+,mind bending shit
Midsommar,2019,Horror/Drama,https://www.themoviedb.org/search?query=Midsommar,A couple travels to Sweden for a midsummer festival that quickly devolves into something profoundly sinister.,7.1,3.6,5.0,English/Swedish,Prime Video,"weird watch, you are in for a crying session"
Get Out,2017,Horror/Thriller,https://www.themoviedb.org/search?query=Get+Out,A young Black man visits his white girlfriend's family estate and uncovers a disturbing secret tied to their community.,7.7,3.9,4.0,English,Prime Video,"mind bending shit, weird watch"
Us,2019,Horror/Thriller,https://www.themoviedb.org/search?query=Us,A family's holiday is disrupted when their own twisted doppelgangers invade their beachside home.,6.8,3.3,3.8,English,Prime Video,"mind bending shit, weird watch"
Triangle,2009,Horror/Mystery,https://www.themoviedb.org/search?query=Triangle,A storm strands yacht passengers on an ocean liner where a masked killer stalks them in an increasingly unsettling time loop.,6.9,3.5,3.5,English,Need to download and watch,"mind bending shit, weird watch"
Dobaara: See Your Evil,2017,Horror/Thriller,https://www.themoviedb.org/search?query=Dobaara:+See+Your+Evil,A couple finds an antique mirror that becomes a portal to a supernatural evil threatening their lives.,3.9,1.8,2.7,Hindi,Need to download and watch,weird watch
Badla,2019,Thriller/Mystery,https://www.themoviedb.org/search?query=Badla,"A businesswoman accused of her lover's murder hires a brilliant lawyer, and their single-room investigation uncovers a web of twists.",7.6,3.2,4.5,Hindi,Netflix,mind bending shit
Casablanca,1942,Drama/Romance,https://www.themoviedb.org/search?query=Casablanca,A cynical American expatriate encounters a former lover and her husband in unoccupied Africa during the early days of World War II.,8.5,4.2,4.5,English,Need to download and watch,"masterpiece, you are in for a crying session"
Virupaksha,2023,Horror/Thriller,https://www.themoviedb.org/search?query=Virupaksha,A man visiting his ancestral village uncovers a dark occult secret behind a series of mysterious deaths in the forest-surrounded settlement.,7.2,3.3,3.1,Telugu,ZEE5,weird watch
13B: Fear Has a New Address,2009,Thriller/Horror,https://www.themoviedb.org/search?query=13B:+Fear+Has+a+New+Address,A software engineer moves into a new apartment and becomes obsessed with a soap opera that eerily mirrors events happening in his own building.,7.4,3.4,3.5,Tamil/Hindi,Prime Video,weird watch
The Forest,2016,Horror/Thriller,https://www.themoviedb.org/search?query=The+Forest,"A woman searches for her missing twin sister in Japan's Aokigahara forest, known ominously as the suicide forest.",4.9,1.9,2.1,English,Need to download and watch,weird watch
Hum Aapke Hain Koun..!,1994,Drama/Romance,https://www.themoviedb.org/search?query=Hum+Aapke+Hain+Koun..!,"A love story centered on two families joined in marriage, celebrating Indian family values and the bonds of kinship.",6.7,2.8,3.0,Hindi,Prime Video,family watch for sure
Hum Saath-Saath Hain,1999,Drama/Romance,https://www.themoviedb.org/search?query=Hum+Saath-Saath+Hain,"A family drama celebrating Indian joint family life, tested by jealousy and misunderstandings.",6.0,2.4,3.0,Hindi,Prime Video,family watch for sure
Ashi Hi Banwa Banwi,1988,Comedy/Drama,https://www.themoviedb.org/search?query=Ashi+Hi+Banwa+Banwi,A classic Marathi comedy-drama following a middle-class Mumbai family navigating social situations with wit and warmth.,7.7,3.4,3.6,Marathi,Need to download and watch,"you are in for a crying session, happy cinema"
Sade Made Teen,2010,Comedy,https://www.themoviedb.org/search?query=Sade+Made+Teen,"A Marathi comedy following quirky characters in everyday situations, blending humor with heartfelt moments.",6.4,2.8,3.6,Marathi,Need to download and watch,happy cinema
Madhumati,1958,Drama/Fantasy,https://www.themoviedb.org/search?query=Madhumati,A man recalls a past life in which he fell for a tribal girl and sought revenge against the zamindaar who killed her.,7.7,3.7,3.7,Hindi,Need to download and watch,"mind bending shit, weird watch"
The Godfather Trilogy,1972,Crime/Drama,https://www.themoviedb.org/search?query=The+Godfather+Trilogy,The Corleone crime family saga — from the aging patriarch's twilight to Michael's transformation into the next godfather. Avg. of all three films.,9.2,4.5,4.1,English,Prime Video,you are in for a crying session
Jaws,1975,Horror/Thriller,https://www.themoviedb.org/search?query=Jaws,"When a great white shark terrorizes a small beach town, the police chief, a marine biologist, and a shark hunter set out to stop it.",8.0,3.9,4.0,English,Need to download and watch,"mind bending shit, weird watch"
Mumbai Pune Mumbai,2010,Comedy/Romance,https://www.themoviedb.org/search?query=Mumbai+Pune+Mumbai,Two strangers with opposing personalities share a cab from Mumbai to Pune and find themselves falling in love.,7.3,3.2,3.5,Marathi,Prime Video,happy cinema
Mumbai Pune Mumbai 2,2015,Comedy/Romance,https://www.themoviedb.org/search?query=Mumbai+Pune+Mumbai+2,The couple from the first film reunite years later and must rediscover their feelings for each other.,7.0,3.0,3.6,Marathi,Prime Video,happy cinema
Shyamchi Aai,1953,Drama,https://www.themoviedb.org/search?query=Shyamchi+Aai,"A poignant Marathi classic depicting a mother's unconditional love for her son Shyam, instilling in him values that define his life.",8.0,3.8,4.0,Marathi,Need to download and watch,"you are in for a crying session, family watch for sure"
Kaagaz Ke Phool,1959,Drama/Romance,https://www.themoviedb.org/search?query=Kaagaz+Ke+Phool,"India's first CinemaScope film follows the decline of a famous director who falls for his protégée — a story of love, loss, and fading glory.",7.5,3.9,4.0,Hindi,Need to download and watch,you are in for a crying session
Andaz Apna Apna,1994,Comedy/Action,https://www.themoviedb.org/search?query=Andaz+Apna+Apna,"Two lazy young men both try to woo an heiress, leading to misadventures, mistaken identities, and slapstick comedy.",7.7,3.8,3.5,Hindi,Prime Video,happy cinema
Girls Will Be Girls,2024,Drama/Coming-of-Age,https://www.themoviedb.org/search?query=Girls+Will+Be+Girls,"At a Himalayan boarding school, a teenage girl navigating first love and sexual awakening finds her relationship with her mother growing increasingly complex.",7.0,3.7,3.7,Hindi/English,Mubi,weird watch
Jojo Rabbit,2019,Comedy/Drama,https://www.themoviedb.org/search?query=Jojo+Rabbit,A lonely German boy whose only friend is his imaginary Adolf Hitler discovers a young Jewish girl hiding in his home during World War II.,7.9,4.0,4.2,English/German,Disney+,"you are in for a crying session, happy cinema"
Swades,2004,Drama,https://www.themoviedb.org/search?query=Swades,An NRI scientist at NASA returns to India to bring his childhood caretaker to America but finds himself reconnecting with his roots.,8.2,4.0,5.0,Hindi,Prime Video,"masterpiece, you are in for a crying session, family watch for sure"
Lagaan,2001,Drama/Sports,https://www.themoviedb.org/search?query=Lagaan,"In colonial India, villagers challenge their British rulers to a cricket match with their tax exemption on the line.",8.1,3.9,4.0,Hindi,Prime Video,"you are in for a crying session, happy cinema, family watch for sure"
Sholay,1975,Action/Adventure,https://www.themoviedb.org/search?query=Sholay,A retired police officer hires two small-time criminals to capture the ruthless bandit Gabbar Singh who terrorizes his village.,8.2,4.0,5.0,Hindi,Prime Video,"masterpiece, happy cinema, family watch for sure"
Chak De! India,2007,Drama/Sports,https://www.themoviedb.org/search?query=Chak+De!+India,A disgraced former hockey captain coaches the Indian women's national field hockey team to reclaim both his honor and the World Cup.,8.1,3.8,4.5,Hindi,Disney+,"you are in for a crying session, happy cinema, family watch for sure"
Baby,2015,Action/Thriller,https://www.themoviedb.org/search?query=Baby,An elite anti-terrorism unit is assembled to dismantle a sleeper cell planning a major attack on Indian soil.,7.3,3.1,3.6,Hindi,Prime Video,weird watch
American Psycho,2000,Thriller/Drama,https://www.themoviedb.org/search?query=American+Psycho,"A wealthy NYC investment banker hides his psychopathic alter ego from his colleagues as he descends into a violent, hollow spiral.",7.6,3.9,4.0,English,Mubi,"mind bending shit, weird watch, you are in for a crying session"
World Famous Lover,2020,Drama/Romance,https://www.themoviedb.org/search?query=World+Famous+Lover,Four love stories revolving around the same man who keeps chasing love but losing it in different ways.,5.8,2.2,3.2,Telugu,Prime Video,weird watch
Oppenheimer,2023,Drama/History,https://www.themoviedb.org/search?query=Oppenheimer,The story of J. Robert Oppenheimer's role in developing the atomic bomb during WWII and the subsequent political and moral fallout he faced.,8.3,4.1,5.0,English,JioCinema,"masterpiece, you are in for a crying session"
Hereditary,2018,Horror/Drama,https://www.themoviedb.org/search?query=Hereditary,"After their grandmother's death, a family is haunted by an increasingly disturbing presence and torn apart by dark ancestral secrets.",7.3,3.7,4.0,English,Prime Video,"mind bending shit, weird watch, you are in for a crying session"
Smile,2022,Horror/Thriller,https://www.themoviedb.org/search?query=Smile,"After witnessing a bizarre traumatic incident, a doctor experiences frightening occurrences tied to a creeping supernatural curse.",6.6,3.0,3.6,English,Prime Video,weird watch
Pather Panchali,1955,Drama,https://www.themoviedb.org/search?query=Pather+Panchali,"The coming-of-age of young Apu and his sister in rural Bengal, set against poverty and resilience, in the first film of Satyajit Ray's Apu Trilogy.",8.4,4.3,5.0,Bengali,Mubi,"masterpiece, you are in for a crying session"
The Truman Show,1998,Comedy/Drama,https://www.themoviedb.org/search?query=The+Truman+Show,"An insurance salesman slowly discovers that his entire life has been a televised reality show, and everyone around him is an actor.",8.2,4.1,5.0,English,Prime Video,"masterpiece, you are in for a crying session, happy cinema"
Dogtooth,2009,Drama/Thriller,https://www.themoviedb.org/search?query=Dogtooth,"Three young adults are kept isolated from society by their controlling parents, who have built a twisted alternate reality within their home.",7.2,3.8,4.0,Greek,Mubi,"mind bending shit, weird watch"
Host,2020,Horror,https://www.themoviedb.org/search?query=Host,Six friends hold a Zoom séance during lockdown and accidentally conjure a malevolent entity with terrifying consequences.,6.6,3.2,3.5,English,Shudder / Need to download and watch,weird watch
Killers of the Flower Moon,2023,Crime/Drama,https://www.themoviedb.org/search?query=Killers+of+the+Flower+Moon,"Members of the Osage Nation are systematically murdered after oil is discovered beneath their land in 1920s Oklahoma, prompting the FBI's first major investigation.",7.6,3.8,5.0,English,Apple TV+,you are in for a crying session
Witness for the Prosecution,1957,Crime/Drama,https://www.themoviedb.org/search?query=Witness+for+the+Prosecution,"A brilliant barrister takes the seemingly hopeless defense of a man accused of murdering a wealthy widow, leading to stunning courtroom twists.",8.4,4.3,4.5,English,Need to download and watch,mind bending shit
The Departed,2006,Crime/Thriller,https://www.themoviedb.org/search?query=The+Departed,An undercover cop and a mole in the police department attempt to identify each other while both try to track down an Irish gang boss.,8.5,4.2,4.5,English,Prime Video,"masterpiece, mind bending shit, you are in for a crying session"
The Verdict,1982,Drama/Legal,https://www.themoviedb.org/search?query=The+Verdict,"A down-and-out Boston lawyer takes a medical malpractice case to court to salvage his career and moral dignity, despite powerful opposition.",7.5,3.8,4.0,English,Need to download and watch,you are in for a crying session
A Death in the Gunj,2016,Drama/Thriller,https://www.themoviedb.org/search?query=A+Death+in+the+Gunj,"During a family holiday in 1979 McCluskieganj, a sensitive young man slowly unravels under the weight of his family's obliviousness and cruelty.",7.8,3.7,3.5,Hindi/English,Prime Video,you are in for a crying session
Anatomy of a Fall,2023,Drama/Thriller,https://www.themoviedb.org/search?query=Anatomy+of+a+Fall,"A woman is suspected of murdering her husband after he is found dead below their chalet, leading to a riveting courtroom drama about truth and perception.",7.7,3.9,4.5,French/English/German,Mubi,"mind bending shit, you are in for a crying session"
Mission Raniganj,2023,Drama/Action,https://www.themoviedb.org/search?query=Mission+Raniganj,Based on the true story of a 1989 coal mine rescue where engineer Jaswant Singh Gill saved 65 miners trapped underground.,7.4,3.0,4.5,Hindi,Prime Video,you are in for a crying session
12th Fail,2023,Drama/Biography,https://www.themoviedb.org/search?query=12th+Fail,"Based on a true story, a young man from a poor family refuses to give up in his long journey to become an IPS officer.",9.0,4.3,4.5,Hindi,Disney+,"masterpiece, you are in for a crying session"
No Country for Old Men,2007,Crime/Thriller,https://www.themoviedb.org/search?query=No+Country+for+Old+Men,"A hunter stumbles upon a drug deal gone wrong and picks up a bag of money, setting a relentless killer on his trail across West Texas.",8.1,4.2,4.0,English,Prime Video,"mind bending shit, you are in for a crying session"
Dune: Part Two,2024,Sci-Fi/Adventure,https://www.themoviedb.org/search?query=Dune:+Part+Two,"Paul Atreides unites with the Fremen and pursues revenge against those who destroyed his family, transforming into a messianic figure.",8.5,4.1,5.0,English,JioCinema,"masterpiece, mind bending shit, happy cinema"
Charade,1963,Comedy/Thriller,https://www.themoviedb.org/search?query=Charade,"A woman finds herself caught between several men who want a fortune her murdered husband had stolen, in this witty Hitchcock-style thriller set in Paris.",7.9,4.0,5.0,English/French,Need to download and watch,"mind bending shit, happy cinema"
The Boy and the Heron,2023,Fantasy/Adventure,https://www.themoviedb.org/search?query=The+Boy+and+the+Heron,"A young boy in wartime Japan follows a mysterious grey heron into a fantastical underworld in search of his missing mother, in Miyazaki's deeply personal film.",7.6,3.8,4.0,Japanese,Netflix,"weird watch, happy cinema"
Fargo,1996,Crime/Drama,https://www.themoviedb.org/search?query=Fargo,Jerry Lundegaard's inept crime leads to a wave of terrible murder and his crime must be solved by the very pregnant Marge Gunderson.,8.1,4.2,4.5,English,Disney+,you are in for a crying session
Good Will Hunting,1997,Drama,https://www.themoviedb.org/search?query=Good+Will+Hunting,"A math genius and janitor at MIT is discovered by a professor, who arranges therapy sessions that help the troubled young man confront his past.",8.3,4.0,5.0,English,Disney+,"masterpiece, you are in for a crying session"
Anyone But You,2023,Comedy/Romance,https://www.themoviedb.org/search?query=Anyone+But+You,"Two exes who can't stand each other are forced to pretend to be a couple at a destination wedding in Sydney, Australia.",6.3,2.7,2.5,English,Netflix,happy cinema
Wanted,2008,Action/Thriller,https://www.themoviedb.org/search?query=Wanted,A young man learns his father was an assassin and joins a secret fraternity of killers to avenge his father's death.,6.7,2.8,3.5,English,Prime Video,weird watch
Donnie Darko,2001,Drama/Sci-Fi,https://www.themoviedb.org/search?query=Donnie+Darko,A troubled teenager plagued by visions of a man-sized bunny rabbit is manipulated into committing crimes after surviving a mysterious accident.,8.1,4.0,4.0,English,Prime Video,"mind bending shit, you are in for a crying session"
Zodiac,2007,Crime/Thriller,https://www.themoviedb.org/search?query=Zodiac,"A cartoonist becomes obsessed with uncovering the identity of the Zodiac Killer, the unidentified serial murderer who terrorized the San Francisco Bay Area.",7.7,4.0,4.0,English,Prime Video,"mind bending shit, you are in for a crying session"
Memories of Murder,2003,Crime/Drama,https://www.themoviedb.org/search?query=Memories+of+Murder,"Based on South Korea's first serial murders, two detectives with contrasting methods investigate brutal killings in a rural province.",8.1,4.2,4.5,Korean,Mubi,"mind bending shit, you are in for a crying session"
A Clockwork Orange,1971,Crime/Sci-Fi,https://www.themoviedb.org/search?query=A+Clockwork+Orange,"In future Britain, a sadistic gang leader is imprisoned and conditioned to be incapable of violence, then finds himself at the mercy of his former victims.",8.3,4.1,5.0,English,Need to download and watch,"masterpiece, mind bending shit, weird watch"
Twin Peaks: Fire Walk with Me,1992,Mystery/Horror,https://www.themoviedb.org/search?query=Twin+Peaks:+Fire+Walk+with+Me,"The disturbing last days of Laura Palmer are revealed before her murder, expanding on the dark mythology of the Twin Peaks universe.",7.4,3.8,3.5,English,Need to download and watch,"mind bending shit, weird watch"
Nomadland,2020,Drama,https://www.themoviedb.org/search?query=Nomadland,"Following the collapse of a company town in rural Nevada, a woman in her sixties embarks on a journey through the American West, living as a van-dwelling modern nomad.",7.3,3.7,4.2,English,Disney+,you are in for a crying session
Following,1998,Crime/Thriller,https://www.themoviedb.org/search?query=Following,A young writer follows strangers around London for material until a thief takes him on a journey into the criminal underworld.,7.5,3.7,3.5,English,Need to download and watch,mind bending shit
The Sacrifice,1986,Drama,https://www.themoviedb.org/search?query=The+Sacrifice,"On the morning of what may be World War III, a man vows to sacrifice everything he loves if nuclear war is averted, in Tarkovsky's final film.",7.9,4.2,3.5,Swedish/Russian,Mubi,you are in for a crying session
Perfect Days,2023,Drama,https://www.themoviedb.org/search?query=Perfect+Days,"A Tokyo toilet cleaner finds joy and meaning in the small rituals of his quiet, solitary life, listening to classic rock and watching light through trees.",7.8,4.0,5.0,Japanese,Mubi,you are in for a crying session
Manchester by the Sea,2016,Drama,https://www.themoviedb.org/search?query=Manchester+by+the+Sea,A janitor becomes the sole guardian of his teenage nephew after his brother's death and must confront a devastating past trauma.,7.8,3.9,3.9,English,Prime Video,you are in for a crying session
Cinema Paradiso,1988,Drama/Romance,https://www.themoviedb.org/search?query=Cinema+Paradiso,"A filmmaker recalls his childhood friendship with a movie projectionist and his love for cinema in postwar Sicily, on hearing of his mentor's death.",8.5,4.4,4.5,Italian,Mubi,"masterpiece, you are in for a crying session"
Fallen Leaves,2023,Drama/Romance,https://www.themoviedb.org/search?query=Fallen+Leaves,Two lonely Finns meet by chance and begin a tentative romance while listening to radio reports of the war in Ukraine.,7.3,3.8,4.5,Finnish,Mubi,you are in for a crying session
Eraserhead,1977,Horror/Drama,https://www.themoviedb.org/search?query=Eraserhead,"In a desolate industrial landscape, a man is left to care for his hideously deformed child while strange, disturbing visions consume him.",7.4,3.9,4.0,English,Mubi,"mind bending shit, weird watch"
The Handmaiden,2016,Drama/Thriller,https://www.themoviedb.org/search?query=The+Handmaiden,"A young handmaiden and a conman conspire to swindle a Japanese heiress in 1930s Korea, only to find themselves caught in a far deeper scheme.",8.1,4.3,4.5,Korean/Japanese,Mubi,"mind bending shit, you are in for a crying session"
"Paris, Texas",1984,Drama,"https://www.themoviedb.org/search?query=Paris,+Texas","A man wanders out of the desert and attempts to reconnect with his young son and find his estranged wife, in Wim Wenders' haunting road movie.",8.0,4.3,4.5,English,Mubi,you are in for a crying session
Shadow of a Doubt,1943,Mystery/Thriller,https://www.themoviedb.org/search?query=Shadow+of+a+Doubt,A young woman begins to suspect her beloved uncle who has come to stay may be the 'Merry Widow Murderer' preying on rich women.,7.8,3.9,5.0,English,Need to download and watch,mind bending shit
Rabbits,2002,Horror/Drama,https://www.themoviedb.org/search?query=Rabbits,"David Lynch's surreal short films depicting humanoid rabbits in an existential sitcom, drenched in dread and mystery.",6.7,3.5,3.0,English,Need to download and watch,"mind bending shit, weird watch"
Joker: Folie a Deux,2024,Drama/Musical,https://www.themoviedb.org/search?query=Joker:+Folie+a+Deux,"Arthur Fleck awaits trial at Arkham State Hospital, where he encounters Harley Quinn and falls into a musical fantasy world.",5.5,2.2,3.5,English,JioCinema,mind bending shit
One Flew Over the Cuckoo's Nest,1975,Drama,https://www.themoviedb.org/search?query=One+Flew+Over+the+Cuckoo's+Nest,"A criminal pleads insanity and is admitted to a mental institution, where he rallies the patients to rebel against the oppressive Nurse Ratched.",8.7,4.3,4.0,English,Prime Video,you are in for a crying session
Eyes Wide Shut,1999,Drama/Mystery,https://www.themoviedb.org/search?query=Eyes+Wide+Shut,A New York City doctor embarks on a bizarre night-long odyssey through the city's sexual underground after his wife's near-infidelity confession.,7.4,3.8,5.0,English,Prime Video,"mind bending shit, weird watch"
Chungking Express,1994,Drama/Romance,https://www.themoviedb.org/search?query=Chungking+Express,"Two heartbroken policemen each experience unexpected encounters with love in modern Hong Kong, in Wong Kar-wai's vibrant ode to urban loneliness.",8.0,4.3,5.0,Cantonese/Mandarin,Mubi,"masterpiece, you are in for a crying session"
Portrait of a Lady on Fire,2019,Drama/Romance,https://www.themoviedb.org/search?query=Portrait+of+a+Lady+on+Fire,An 18th-century French painter is commissioned to secretly paint a young woman's wedding portrait on an isolated Brittany island.,8.1,4.4,5.0,French,Mubi,"masterpiece, you are in for a crying session"
The Secret in Their Eyes,2009,Crime/Thriller,https://www.themoviedb.org/search?query=The+Secret+in+Their+Eyes,"A retired Argentine federal agent writes a novel based on a decades-old criminal case involving a woman's rape and murder, and his love for a colleague.",8.2,4.0,4.5,Spanish,Prime Video,mind bending shit
Little Forest,2018,Drama,https://www.themoviedb.org/search?query=Little+Forest,A young woman returns to her rural hometown and reconnects with nature and the rhythms of simple life through cooking with seasonal ingredients.,7.7,3.8,5.0,Japanese,Need to download and watch,you are in for a crying session
Gamak Ghar,2019,Drama,https://www.themoviedb.org/search?query=Gamak+Ghar,"A reflection on time and memory through a family's ancestral home in Bihar, capturing the slow fade of a way of life across many years.",8.1,4.1,4.0,Maithili/Hindi,Mubi,you are in for a crying session
The Milk of Sorrow,2009,Drama,https://www.themoviedb.org/search?query=The+Milk+of+Sorrow,A Peruvian woman suffering from a condition passed through breast milk from mothers traumatized by wartime rape navigates a difficult path in Lima.,7.2,3.7,5.0,Spanish/Quechua,Mubi,you are in for a crying session
Lamb,2021,Drama/Horror,https://www.themoviedb.org/search?query=Lamb,"A childless couple in rural Iceland discover a mysterious newborn on their farm and raise it as their own, in a haunting parable about grief and nature.",6.4,3.1,3.5,Icelandic,Prime Video,weird watch
All We Imagine as Light,2024,Drama,https://www.themoviedb.org/search?query=All+We+Imagine+as+Light,"Two Mumbai nurses navigate work, loneliness, and longing before escaping to a coastal village where old wounds may finally heal.",7.7,3.9,4.0,Hindi/Malayalam,Mubi,you are in for a crying session
We Live in Time,2024,Drama/Romance,https://www.themoviedb.org/search?query=We+Live+in+Time,An unlikely romance between a cereal brand employee and a professional chef unfolds across non-linear vignettes charting their relationship's greatest joys and tests.,7.0,3.6,4.0,English,Prime Video,you are in for a crying session
Nosferatu,2024,Horror,https://www.themoviedb.org/search?query=Nosferatu,"A gothic tale of obsession between a haunted young woman in 19th-century Germany and the ancient Transylvanian vampire who stalks her, bringing plague and madness.",7.0,3.5,4.5,English,Prime Video,weird watch
The Teachers' Lounge,2023,Drama/Thriller,https://www.themoviedb.org/search?query=The+Teachers'+Lounge,"A well-meaning schoolteacher triggers a cascading series of conflicts after attempting to expose a thief in her school, raising questions about truth and institutional power.",7.3,3.7,3.5,German,Netflix,weird watch
Anora,2024,Drama/Comedy,https://www.themoviedb.org/search?query=Anora,"A young sex worker from Brooklyn marries the son of a Russian oligarch, sending two worlds on a collision course when his parents find out.",7.7,3.8,2.5,English/Russian,Mubi,happy cinema
Barry Lyndon,1975,Drama/Adventure,https://www.themoviedb.org/search?query=Barry+Lyndon,"An Irish rogue rises to wealth and social position in 18th-century England, only to fall precipitously, in Kubrick's luminously photographed period epic.",8.1,4.3,4.0,English,Need to download and watch,"you are in for a crying session, happy cinema"
Rope,1948,Mystery/Thriller,https://www.themoviedb.org/search?query=Rope,"Two young men strangle a classmate for the thrill of it, then host a party with his body hidden in the room, attended by his family and their mentor.",7.9,4.0,4.5,English,Need to download and watch,mind bending shit
A Complete Unknown,2024,Drama/Music,https://www.themoviedb.org/search?query=A+Complete+Unknown,"The story of Bob Dylan's early years in New York City and his explosive, controversial performance at the 1965 Newport Folk Festival.",7.1,3.6,5.0,English,Disney+,you are in for a crying session
Interstellar,2014,Sci-Fi/Drama,https://www.themoviedb.org/search?query=Interstellar,"A team of explorers travel through a wormhole in space to ensure humanity's survival, while a father struggles to return to his daughter across time.",8.7,4.2,5.0,English,JioCinema,"masterpiece, mind bending shit"
Prisoners,2013,Crime/Thriller,https://www.themoviedb.org/search?query=Prisoners,"When two young girls go missing, a desperate father takes the investigation into his own hands, crossing moral lines as a detective races to find them.",8.1,4.1,4.5,English,Prime Video,"mind bending shit, you are in for a crying session"
Baby Driver,2017,Action/Crime,https://www.themoviedb.org/search?query=Baby+Driver,A young getaway driver coerced into criminal heists relies on carefully curated playlists to drown out his tinnitus and fuel his escapes.,7.6,3.9,3.5,English,Netflix,happy cinema
Kishkindha Kaandam,2024,Mystery/Thriller,https://www.themoviedb.org/search?query=Kishkindha+Kaandam,Strange events in a monkey-inhabited forest reserve bring a retired army officer and his family under suspicion in this intricate Malayalam mystery.,8.6,4.0,4.0,Malayalam,Prime Video,mind bending shit
Apocalypse Now,1979,Drama/War,https://www.themoviedb.org/search?query=Apocalypse+Now,A US Army officer is sent on a dangerous mission into Cambodia to assassinate a renegade colonel who has become a god among a local tribe.,8.4,4.3,5.0,English,Mubi,"masterpiece, you are in for a crying session"
Incendies,2010,Drama/Mystery,https://www.themoviedb.org/search?query=Incendies,"Twins travel to the Middle East to fulfil their late mother's dying wishes, uncovering a harrowing family secret rooted in war and tragedy.",8.2,4.2,4.5,French/Arabic,Mubi,"mind bending shit, you are in for a crying session"
American Beauty,1999,Drama,https://www.themoviedb.org/search?query=American+Beauty,"A middle-aged man undergoes a midlife crisis, becoming infatuated with his daughter's best friend while his family and neighbors each struggle with their own quiet desperations.",8.3,4.1,4.0,English,Prime Video,you are in for a crying session
Lolita,1962,Drama,https://www.themoviedb.org/search?query=Lolita,"A middle-aged professor becomes obsessed with a teenage girl and marries her mother to be near her, in Kubrick's adaptation of Nabokov's controversial novel.",7.6,3.8,4.0,English,Need to download and watch,"weird watch, you are in for a crying session"
Wild at Heart,1990,Crime/Romance,https://www.themoviedb.org/search?query=Wild+at+Heart,"A young couple flees from the woman's murderous mother across a bizarre American South, in David Lynch's twisted, violent road movie romance.",7.2,3.7,4.0,English,Mubi,"mind bending shit, weird watch, you are in for a crying session"
Conclave,2024,Drama/Thriller,https://www.themoviedb.org/search?query=Conclave,"Following the Pope's death, the head of the College of Cardinals oversees the complex, politically charged process of electing a new pontiff.",7.3,3.6,3.5,English/Italian,Prime Video,you are in for a crying session
The Others,2001,Horror/Mystery,https://www.themoviedb.org/search?query=The+Others,A woman living in a darkened old house with her photosensitive children becomes convinced that her home is haunted.,7.6,3.9,4.0,English/Spanish,Need to download and watch,"mind bending shit, weird watch"
Thelma & Louise,1991,Drama/Adventure,https://www.themoviedb.org/search?query=Thelma+&+Louise,"Two best friends set out on a road trip that spirals into a fugitive chase after a traumatic event, in this landmark feminist road movie.",7.4,4.1,5.0,English,Need to download and watch,"you are in for a crying session, happy cinema"
Citizen Kane,1941,Mystery/Drama,https://www.themoviedb.org/search?query=Citizen+Kane,"Following a publishing tycoon's death, reporters scramble to uncover the meaning of his final enigmatic word: 'Rosebud.'",8.3,4.2,4.5,English,Need to download and watch,"mind bending shit, you are in for a crying session"
A Tale of Two Sisters,2003,Horror/Drama,https://www.themoviedb.org/search?query=A+Tale+of+Two+Sisters,"Two sisters return home from a psychiatric institution only to discover their stepmother harbors a sinister secret, in this Korean gothic horror.",7.2,3.8,4.0,Korean,Mubi,"mind bending shit, weird watch"
Monster,2024,Drama,https://www.themoviedb.org/search?query=Monster,"A mother suspects her son's teacher of bullying him, but as the same events are seen from multiple perspectives, the truth proves far more complex.",7.2,3.9,3.0,Japanese,Mubi,weird watch
Yi Yi,2000,Drama,https://www.themoviedb.org/search?query=Yi+Yi,"A Taiwanese family faces personal crises over a year — the father reconnects with his first love, the son discovers photography, the daughter navigates heartbreak.",8.1,4.4,4.0,Mandarin/Taiwanese,Mubi,you are in for a crying session
Hannah and Her Sisters,1986,Comedy/Drama,https://www.themoviedb.org/search?query=Hannah+and+Her+Sisters,"The loves, troubles, and personal crises of Hannah and her two sisters, set across two Thanksgiving family gatherings.",7.9,4.1,3.5,English,Need to download and watch,"you are in for a crying session, happy cinema"
The Zone of Interest,2023,Drama/War,https://www.themoviedb.org/search?query=The+Zone+of+Interest,"The commandant of Auschwitz and his wife build their dream life next to the concentration camp, creating a chilling portrait of evil and normalcy.",7.4,3.8,4.0,German/Polish,Mubi,you are in for a crying session
Dreams,1990,Fantasy/Drama,https://www.themoviedb.org/search?query=Dreams,"Eight vignettes based on actual dreams Akira Kurosawa had, ranging from beautiful painted worlds to terrifying nuclear nightmares.",7.6,3.8,4.0,Japanese,Need to download and watch,weird watch
Atonement,2007,Drama/Romance,https://www.themoviedb.org/search?query=Atonement,"A young girl's misinterpreted accusation sets off a chain of tragic events spanning decades, haunting everyone involved.",7.8,3.9,5.0,English,Prime Video,you are in for a crying session
Brokeback Mountain,2005,Drama/Romance,https://www.themoviedb.org/search?query=Brokeback+Mountain,"The story of a forbidden, secretive relationship between two cowboys and the tragedy their love brings to their families over two decades.",7.7,4.1,4.0,English,Need to download and watch,you are in for a crying session
F1,2025,Action/Drama,https://www.themoviedb.org/search?query=F1,A veteran Formula 1 driver comes out of retirement to mentor a rookie and restore a struggling team to glory on the world's fastest circuits.,6.5,3.0,4.5,English,Apple TV+,happy cinema
Anand,1971,Drama,https://www.themoviedb.org/search?query=Anand,"A terminally ill man lives his remaining days to the fullest, spreading joy to everyone around him, befriending a cynical doctor who becomes transformed.",8.2,4.0,4.5,Hindi,Prime Video,you are in for a crying session
Devi,1960,Drama,https://www.themoviedb.org/search?query=Devi,"A devout landlord becomes convinced his daughter-in-law is the incarnation of goddess Kali, causing tragedy as she unravels under the weight of this belief.",8.0,4.1,4.0,Bengali,Mubi,you are in for a crying session
The Still of Night,2023,Thriller,https://www.themoviedb.org/search?query=The+Still+of+Night,"A woman investigates the disappearance of her sister, uncovering dark secrets in a small town.",5.2,2.1,3.5,English,Need to download and watch,weird watch
Rahasya,2015,Thriller/Crime,https://www.themoviedb.org/search?query=Rahasya,"A detective investigates the mysterious murder of a teenage girl, with her parents as the prime suspects in this Indian crime thriller.",6.7,2.9,3.5,Hindi,Prime Video,weird watch
Funny Games,1997,Thriller/Horror,https://www.themoviedb.org/search?query=Funny+Games,"Two psychopathic young men take a family hostage at their vacation home, subjecting them to torture while breaking the fourth wall.",7.6,3.9,3.0,German,Mubi,"mind bending shit, weird watch"
Talaash: The Answer Lies Within,2012,Thriller/Mystery,https://www.themoviedb.org/search?query=Talaash:+The+Answer+Lies+Within,"A dedicated police inspector investigates a mysterious road accident involving a film star, uncovering a web of secrets in Mumbai's underworld.",7.3,3.3,3.9,Hindi,Prime Video,mind bending shit
Bugonia,2025,Sci-Fi/Comedy,https://www.themoviedb.org/search?query=Bugonia,"Two employees of a struggling corporation kidnap a woman they believe is a covert alien agent, in a sci-fi comedy about conspiracy and absurdity.",5.8,2.5,4.0,English,Netflix,happy cinema
The Piano Teacher,2001,Drama/Thriller,https://www.themoviedb.org/search?query=The+Piano+Teacher,"A repressed Austrian piano professor begins a sadomasochistic relationship with one of her students, exposing the disturbing depths beneath her rigid exterior.",7.6,3.9,3.7,French/German,Mubi,"mind bending shit, weird watch"
Black Swan,2010,Drama/Thriller,https://www.themoviedb.org/search?query=Black+Swan,A committed dancer wins the lead in Swan Lake but struggles between the light and dark personas of the two swans as she pursues dangerous perfection.,8.0,4.0,4.5,English,Disney+,"mind bending shit, you are in for a crying session"
Bring Her Back,2025,Horror/Thriller,https://www.themoviedb.org/search?query=Bring+Her+Back,"A grieving couple takes in a troubled young woman after losing their daughter, only for her to bring a terrifying supernatural presence into their home.",5.9,2.8,4.0,English,Need to download and watch,weird watch
Full Metal Jacket,1987,Drama/War,https://www.themoviedb.org/search?query=Full+Metal+Jacket,"A pragmatic US Marine observes the dehumanizing effects of the Vietnam War on his fellow recruits, from brutal basic training through combat in Hue City.",8.3,4.1,5.0,English,Need to download and watch,"masterpiece, you are in for a crying session"
Heretic,2024,Horror/Thriller,https://www.themoviedb.org/search?query=Heretic,"Two young missionaries visit the home of a man who traps them in an escalating, disturbing theological debate.",7.1,3.6,2.5,English,Prime Video,weird watch
Blow Out,1981,Thriller/Mystery,https://www.themoviedb.org/search?query=Blow+Out,"A movie sound effects man accidentally records evidence of a murder and becomes entangled in a political conspiracy, in Brian De Palma's Hitchcockian thriller.",7.5,4.0,4.0,English,Need to download and watch,mind bending shit
Dead Man Walking,1995,Drama/Crime,https://www.themoviedb.org/search?query=Dead+Man+Walking,"A nun becomes the spiritual advisor to a convicted murderer on death row, advocating for his life while giving solace to victims' families.",7.8,3.9,4.0,English,Need to download and watch,you are in for a crying session
The Killing of a Sacred Deer,2017,Drama/Thriller,https://www.themoviedb.org/search?query=The+Killing+of+a+Sacred+Deer,"A prosperous cardiac surgeon befriends a troubled teenager who infiltrates his family and makes cryptic, terrifying demands.",7.0,3.7,3.0,English/Greek,Prime Video,"mind bending shit, weird watch"
Lizzie,2018,Crime/Drama,https://www.themoviedb.org/search?query=Lizzie,A dramatic retelling of the infamous 1892 Lizzie Borden axe murders and the relationship between Lizzie and her family's maid.,6.2,3.0,3.0,English,Need to download and watch,weird watch
Dhurandar,2025,Thriller,https://www.themoviedb.org/search?query=Dhurandar,"A psychological thriller exploring identity, power, and deception within corporate and political spheres.",6.1,2.7,3.3,Hindi,ZEE5,mind bending shit
I Am Kalam,2011,Drama,https://www.themoviedb.org/search?query=I+Am+Kalam,A poor but bright boy in Rajasthan is inspired by A.P.J. Abdul Kalam to dream big despite all odds against him.,7.8,3.5,4.0,Hindi,Prime Video,"you are in for a crying session, family watch for sure"
Sister Midnight,2024,Comedy/Drama,https://www.themoviedb.org/search?query=Sister+Midnight,A newlywed woman arrives in Mumbai feeling stifled by domesticity and begins an unlikely friendship with a neighbor that opens up new possibilities.,6.8,3.4,3.0,English/Hindi,Mubi,happy cinema
My Client's Wife,2023,Thriller,https://www.themoviedb.org/search?query=My+Client's+Wife,A lawyer becomes entangled with his client's wife in a dangerous web of secrets and desire.,5.7,2.4,3.5,Hindi,ZEE5,weird watch
Seance,2021,Horror/Thriller,https://www.themoviedb.org/search?query=Seance,"At a prestigious boarding school, a new student participates in a seance and finds her classmates dying one by one, seemingly tied to a ghost story.",5.5,2.4,2.6,English,Need to download and watch,weird watch
The Perfect Nanny,2019,Thriller,https://www.themoviedb.org/search?query=The+Perfect+Nanny,A nanny and her employer develop a disturbing relationship that descends into obsession and danger.,5.8,2.6,2.5,English,Netflix,weird watch
The Gift,2015,Thriller/Drama,https://www.themoviedb.org/search?query=The+Gift,"A couple settles into their new home and renews an acquaintance with an old classmate who leaves unsettling gifts, as dark past secrets come to light.",7.7,3.8,3.5,English,Prime Video,mind bending shit
Oddity,2024,Horror/Thriller,https://www.themoviedb.org/search?query=Oddity,A blind psychic medium investigates the murder of her twin sister with the help of a cursed life-size wooden mannequin.,6.7,3.6,3.0,English,Shudder / Need to download and watch,weird watch
Red Rooms,2023,Crime/Thriller,https://www.themoviedb.org/search?query=Red+Rooms,A model becomes obsessed with the high-profile trial of a serial killer accused of murdering teenage girls and selling footage on the dark web.,7.1,3.9,3.5,French,Mubi,mind bending shit
Schindler's List,1993,Drama/History,https://www.themoviedb.org/search?query=Schindler's+List,"In German-occupied Poland, industrialist Oskar Schindler gradually becomes concerned for his Jewish workforce after witnessing the horrors of the Holocaust.",9.0,4.6,5.0,English/German/Hebrew,Prime Video,"masterpiece, you are in for a crying session"
BA Pass,2012,Drama/Thriller,https://www.themoviedb.org/search?query=BA+Pass,A young man from a poor background is seduced by an older woman and drawn into a dangerous lifestyle of crime in Delhi.,7.5,3.5,3.0,Hindi,Need to download and watch,weird watch
Marty Supreme,2025,Drama/Sport,https://www.themoviedb.org/search?query=Marty+Supreme,"In 1952 New York, a young table tennis prodigy goes to extreme lengths to prove himself the best in the world, sacrificing everyone around him in the process.",7.9,3.8,4.5,English,Apple TV+,you are in for a crying session
I Saw the Devil,2010,Thriller/Horror,https://www.themoviedb.org/search?query=I+Saw+the+Devil,A special agent blurs the line between good and evil in his obsessive revenge mission against the serial killer who murdered his fiancee.,7.8,4.0,4.0,Korean,Need to download and watch,"mind bending shit, weird watch"
Lady Vengeance,2005,Crime/Thriller,https://www.themoviedb.org/search?query=Lady+Vengeance,"After 13 years in prison for a murder she didn't commit, a beautiful woman seeks revenge on the man who framed her, in Park Chan-wook's Vengeance Trilogy.",7.6,4.0,4.0,Korean,Mubi,mind bending shit
Sarvam Maya,2025,Drama,https://www.themoviedb.org/search?query=Sarvam+Maya,"A spiritual drama exploring illusion, truth, and the nature of reality.",5.5,2.5,3.0,Tamil,Need to download and watch,mind bending shit
Sentimental Value,2025,Drama,https://www.themoviedb.org/search?query=Sentimental+Value,"Two estranged sisters reunite with their filmmaker father, whose plan to cast one of them in his comeback film stirs unresolved family wounds in Joachim Trier's Cannes hit.",7.9,4.1,4.3,Norwegian,Netflix,you are in for a crying session
Hamnet,2025,Drama/History,https://www.themoviedb.org/search?query=Hamnet,An adaptation of Maggie O'Farrell's novel imagining the life of Shakespeare's son Hamnet and the grief that may have inspired the playwright's greatest work.,7.1,3.5,4.0,English,Apple TV+,you are in for a crying session
Audition,1999,Horror/Thriller,https://www.themoviedb.org/search?query=Audition,"A lonely widower holds fake film auditions to find a new wife, becoming fixated on a mysterious young woman whose dark secrets are far more horrifying than he could imagine.",7.2,3.9,4.0,Japanese,Mubi,"mind bending shit, weird watch"
La Grazia,2025,Drama,https://www.themoviedb.org/search?query=La+Grazia,"A meditative drama exploring grace, forgiveness, and human connection in a rural Italian setting.",5.8,2.9,3.5,Italian,Need to download and watch,weird watch
Kontinental'25,2025,Drama,https://www.themoviedb.org/search?query=Kontinental'25,A contemporary drama set in Russia exploring generational conflict and political identity.,6.2,2.8,3.0,Hungarian,Need to download and watch,mind bending shit
The Good Sister,2025,Thriller/Drama,https://www.themoviedb.org/search?query=The+Good+Sister,A woman discovers unsettling truths about her seemingly perfect sister in this psychological thriller.,5.9,2.6,3.5,French,Netflix,weird watch
Shadowbox,2025,Documentary,https://www.themoviedb.org/search?query=Shadowbox,"An intimate documentary exploring trauma, creativity, and the human spirit.",7.5,3.7,3.5,Bengali,Need to download and watch,weird watch
Blue Heron,2025,Drama,https://www.themoviedb.org/search?query=Blue+Heron,"A quiet drama about nature, solitude, and the search for peace.",5.8,2.7,4.0,English,Need to download and watch,you are in for a crying session
Old Woman with a Knife,2022,Action/Thriller,https://www.themoviedb.org/search?query=Old+Woman+with+a+Knife,A 70-year-old contract killer must reconcile her violent profession with her past in this dark Korean action drama.,6.8,3.3,3.5,Korean,Netflix,weird watch
A Pregnant Widow,2025,Drama,https://www.themoviedb.org/search?query=A+Pregnant+Widow,A Malayalam drama exploring the struggles of a pregnant widow navigating social expectations and personal grief.,5.5,2.4,5.0,Malayalam,Need to download and watch,you are in for a crying session
No Other Choice,2025,Drama/Thriller,https://www.themoviedb.org/search?query=No+Other+Choice,A tense drama about impossible choices and moral compromise.,5.8,2.5,5.0,Korean,Need to download and watch,you are in for a crying session
We Believe You,2025,Drama,https://www.themoviedb.org/search?query=We+Believe+You,A drama about survivors of trauma and the long journey towards being heard and believed.,5.9,2.6,4.0,French,Need to download and watch,you are in for a crying session
